{
    "cluster_center": {
        "mean": [
            0.19801690083405107,
            0.6837100780971238
        ],
        "median": [
            0.2,
            0.7142857142857143
        ],
        "weighted_mean": [
            0.20280881908788886,
            0.6933647361821818
        ]
    },
    "delta": {
        "mean": 0.48569317726307276,
        "median": 0.4888888888888889,
        "weighted_mean": 0.4908074635441858
    },
    "is_skewed": true,
    "linalg_result": {
        "error": -0.042857142857142844,
        "ratio1": 0.24285714285714285,
        "ratio2": 0.7571428571428571
    },
    "lstsq_result": {
        "error": -0.05913651053441256,
        "ratio1": 0.2571534113684635,
        "ratio2": 0.7428465886315365
    },
    "skew_threshold": 0.2,
    "w_lstsq_result": {
        "error": -0.05191322236496473,
        "ratio1": 0.2547220414528539,
        "ratio2": 0.7452779585471461
    }
}