{
    "cluster_center": {
        "mean": [
            0.20322252863809928,
            0.6991656767076793
        ],
        "median": [
            0.19,
            0.727
        ],
        "weighted_mean": [
            0.20010351914978944,
            0.6982062036343838
        ]
    },
    "delta": {
        "mean": 0.4959431480695799,
        "median": 0.502,
        "weighted_mean": 0.49830355938490595
    },
    "is_skewed": true,
    "linalg_result": {
        "error": -0.04150000000000001,
        "ratio1": 0.2315,
        "ratio2": 0.7685
    },
    "lstsq_result": {
        "error": -0.04880589732711068,
        "ratio1": 0.25202842596520963,
        "ratio2": 0.7479715740347903
    },
    "skew_threshold": 0.2,
    "w_lstsq_result": {
        "error": -0.05084513860791342,
        "ratio1": 0.2509486577577023,
        "ratio2": 0.7490513422422977
    }
}